Date,Month,Quarter,Region,Category,Sales Rep,Channel,Units,Unit Price,Revenue,Cost,Gross Profit
02-Jan-2024,Jan 2024,Q1 2024,Nakuru,Apparel,Henry L.,Online,113,351.33,"39,700.29","19,624.77","20,075.52"
02-Jan-2024,Jan 2024,Q1 2024,Nairobi,Industrial Supplies,Felix R.,Direct,141,204.88,"28,888.08","11,877.48","17,010.60"
04-Jan-2024,Jan 2024,Q1 2024,Mombasa,Industrial Supplies,Felix R.,Online,44,115.50,"5,082.00","2,453.47","2,628.53"
07-Jan-2024,Jan 2024,Q1 2024,Kisumu,Apparel,Carol W.,Walk-in,150,216.22,"32,433.00","18,122.76","14,310.24"
07-Jan-2024,Jan 2024,Q1 2024,Mombasa,Electronics,Henry L.,Online,103,460.91,"47,473.73","32,631.72","14,842.01"
08-Jan-2024,Jan 2024,Q1 2024,Eldoret,FMCG,Esther N.,Direct,18,281.15,"5,060.70","2,560.23","2,500.47"
08-Jan-2024,Jan 2024,Q1 2024,Kisumu,Food & Beverage,David K.,Direct,178,12.02,"2,139.56","1,055.31","1,084.25"
09-Jan-2024,Jan 2024,Q1 2024,Nairobi,Apparel,David K.,Walk-in,182,129.22,"23,518.04","12,173.27","11,344.77"
09-Jan-2024,Jan 2024,Q1 2024,Eldoret,Apparel,Esther N.,Direct,133,408.45,"54,323.85","27,927.26","26,396.59"
11-Jan-2024,Jan 2024,Q1 2024,Kisumu,Apparel,Brian O.,Direct,92,93.35,"8,588.20","5,312.57","3,275.63"
12-Jan-2024,Jan 2024,Q1 2024,Nakuru,Apparel,Alice M.,Distributor,153,45.78,"7,004.34","4,214.55","2,789.79"
15-Jan-2024,Jan 2024,Q1 2024,Kisumu,Electronics,Felix R.,Distributor,40,28.77,"1,150.80",493.59,657.21
16-Jan-2024,Jan 2024,Q1 2024,Kisumu,Industrial Supplies,Esther N.,Direct,72,359.04,"25,850.88","14,170.73","11,680.15"
16-Jan-2024,Jan 2024,Q1 2024,Kisumu,Electronics,Henry L.,Online,154,499.81,"76,970.74","31,489.27","45,481.47"
17-Jan-2024,Jan 2024,Q1 2024,Kisumu,Electronics,David K.,Online,176,247.85,"43,621.60","24,483.41","19,138.19"
18-Jan-2024,Jan 2024,Q1 2024,Eldoret,Food & Beverage,Carol W.,Direct,198,230.03,"45,545.94","19,030.39","26,515.55"
19-Jan-2024,Jan 2024,Q1 2024,Kisumu,FMCG,Alice M.,Distributor,15,164.64,"2,469.60","1,584.18",885.42
19-Jan-2024,Jan 2024,Q1 2024,Nakuru,Industrial Supplies,Carol W.,Online,14,14.54,203.56,112.20,91.36
19-Jan-2024,Jan 2024,Q1 2024,Eldoret,Industrial Supplies,David K.,Online,68,213.97,"14,549.96","7,244.41","7,305.55"
20-Jan-2024,Jan 2024,Q1 2024,Nairobi,Apparel,Esther N.,Direct,170,433.48,"73,691.60","33,208.92","40,482.68"
21-Jan-2024,Jan 2024,Q1 2024,Kisumu,FMCG,David K.,Direct,95,392.26,"37,264.70","16,417.07","20,847.63"
21-Jan-2024,Jan 2024,Q1 2024,Eldoret,Industrial Supplies,David K.,Walk-in,89,124.91,"11,116.99","8,288.14","2,828.85"
22-Jan-2024,Jan 2024,Q1 2024,Nakuru,Food & Beverage,David K.,Online,159,243.06,"38,646.54","26,944.31","11,702.23"
22-Jan-2024,Jan 2024,Q1 2024,Kisumu,Food & Beverage,Grace A.,Online,168,490.21,"82,355.28","34,443.73","47,911.55"
23-Jan-2024,Jan 2024,Q1 2024,Nairobi,Apparel,Carol W.,Online,46,373.20,"17,167.20","9,560.62","7,606.58"
24-Jan-2024,Jan 2024,Q1 2024,Nairobi,FMCG,Carol W.,Online,96,448.32,"43,038.72","17,892.00","25,146.72"
25-Jan-2024,Jan 2024,Q1 2024,Kisumu,Apparel,Brian O.,Online,116,445.85,"51,718.60","25,333.96","26,384.64"
25-Jan-2024,Jan 2024,Q1 2024,Eldoret,Electronics,Brian O.,Direct,17,347.98,"5,915.66","3,573.82","2,341.84"
26-Jan-2024,Jan 2024,Q1 2024,Eldoret,FMCG,Grace A.,Walk-in,65,48.63,"3,160.95","1,879.29","1,281.66"
27-Jan-2024,Jan 2024,Q1 2024,Kisumu,Industrial Supplies,Brian O.,Direct,107,250.96,"26,852.72","14,716.43","12,136.29"
29-Jan-2024,Jan 2024,Q1 2024,Mombasa,Food & Beverage,Esther N.,Distributor,192,292.29,"56,119.68","30,747.06","25,372.62"
30-Jan-2024,Jan 2024,Q1 2024,Eldoret,Industrial Supplies,Grace A.,Distributor,104,129.00,"13,416.00","9,107.21","4,308.79"
30-Jan-2024,Jan 2024,Q1 2024,Mombasa,Electronics,Henry L.,Direct,97,355.27,"34,461.19","22,541.34","11,919.85"
30-Jan-2024,Jan 2024,Q1 2024,Eldoret,Industrial Supplies,Felix R.,Distributor,189,22.47,"4,246.83","2,445.83","1,801.00"
31-Jan-2024,Jan 2024,Q1 2024,Kisumu,FMCG,Carol W.,Distributor,42,358.58,"15,060.36","6,928.24","8,132.12"
31-Jan-2024,Jan 2024,Q1 2024,Nakuru,Food & Beverage,Esther N.,Walk-in,113,353.89,"39,989.57","28,838.49","11,151.08"
01-Feb-2024,Feb 2024,Q1 2024,Nakuru,Electronics,Felix R.,Direct,134,326.60,"43,764.40","32,223.74","11,540.66"
02-Feb-2024,Feb 2024,Q1 2024,Kisumu,Apparel,Alice M.,Distributor,176,437.84,"77,059.84","43,794.27","33,265.57"
03-Feb-2024,Feb 2024,Q1 2024,Nairobi,Apparel,Esther N.,Walk-in,191,264.94,"50,603.54","28,669.88","21,933.66"
05-Feb-2024,Feb 2024,Q1 2024,Mombasa,Apparel,Esther N.,Distributor,117,418.54,"48,969.18","24,668.76","24,300.42"
05-Feb-2024,Feb 2024,Q1 2024,Eldoret,Apparel,Alice M.,Walk-in,130,61.71,"8,022.30","3,319.02","4,703.28"
07-Feb-2024,Feb 2024,Q1 2024,Nairobi,Apparel,Carol W.,Walk-in,187,394.11,"73,698.57","51,294.43","22,404.14"
08-Feb-2024,Feb 2024,Q1 2024,Nakuru,Apparel,Carol W.,Direct,41,425.85,"17,459.85","8,951.12","8,508.73"
08-Feb-2024,Feb 2024,Q1 2024,Eldoret,Electronics,Felix R.,Walk-in,185,25.19,"4,660.15","1,957.94","2,702.21"
09-Feb-2024,Feb 2024,Q1 2024,Kisumu,Apparel,David K.,Walk-in,157,312.17,"49,010.69","28,903.98","20,106.71"
09-Feb-2024,Feb 2024,Q1 2024,Nakuru,Industrial Supplies,Felix R.,Direct,132,431.09,"56,903.88","39,354.24","17,549.64"
10-Feb-2024,Feb 2024,Q1 2024,Mombasa,Electronics,Grace A.,Online,121,321.49,"38,900.29","24,207.99","14,692.30"
11-Feb-2024,Feb 2024,Q1 2024,Nakuru,Electronics,Esther N.,Walk-in,125,249.66,"31,207.50","16,185.33","15,022.17"
12-Feb-2024,Feb 2024,Q1 2024,Nakuru,Electronics,Grace A.,Distributor,144,153.95,"22,168.80","15,830.53","6,338.27"
13-Feb-2024,Feb 2024,Q1 2024,Nairobi,FMCG,Felix R.,Online,92,233.11,"21,446.12","14,531.81","6,914.31"
14-Feb-2024,Feb 2024,Q1 2024,Kisumu,Industrial Supplies,Carol W.,Walk-in,56,324.90,"18,194.40","8,569.21","9,625.19"
15-Feb-2024,Feb 2024,Q1 2024,Nairobi,Food & Beverage,Henry L.,Distributor,28,391.97,"10,975.16","7,943.09","3,032.07"
16-Feb-2024,Feb 2024,Q1 2024,Mombasa,Apparel,Grace A.,Direct,178,156.43,"27,844.54","12,891.15","14,953.39"
16-Feb-2024,Feb 2024,Q1 2024,Eldoret,Industrial Supplies,Carol W.,Online,102,191.01,"19,483.02","11,572.50","7,910.52"
19-Feb-2024,Feb 2024,Q1 2024,Mombasa,Food & Beverage,Carol W.,Walk-in,121,191.80,"23,207.80","9,694.29","13,513.51"
21-Feb-2024,Feb 2024,Q1 2024,Nakuru,Electronics,Henry L.,Direct,189,80.64,"15,240.96","6,784.87","8,456.09"
21-Feb-2024,Feb 2024,Q1 2024,Nakuru,FMCG,Esther N.,Direct,16,168.94,"2,703.04","1,974.19",728.85
21-Feb-2024,Feb 2024,Q1 2024,Mombasa,FMCG,Esther N.,Direct,200,498.23,"99,646.00","67,082.28","32,563.72"
21-Feb-2024,Feb 2024,Q1 2024,Kisumu,FMCG,Henry L.,Online,72,237.50,"17,100.00","12,227.64","4,872.36"
22-Feb-2024,Feb 2024,Q1 2024,Nairobi,Industrial Supplies,Brian O.,Online,93,305.83,"28,442.19","13,296.87","15,145.32"
23-Feb-2024,Feb 2024,Q1 2024,Eldoret,Apparel,Carol W.,Direct,95,277.55,"26,367.25","12,267.94","14,099.31"
24-Feb-2024,Feb 2024,Q1 2024,Mombasa,Industrial Supplies,Felix R.,Online,184,154.66,"28,457.44","11,602.65","16,854.79"
24-Feb-2024,Feb 2024,Q1 2024,Kisumu,Apparel,Henry L.,Walk-in,39,427.02,"16,653.78","9,762.32","6,891.46"
27-Feb-2024,Feb 2024,Q1 2024,Nairobi,Industrial Supplies,Alice M.,Distributor,57,42.97,"2,449.29","1,327.81","1,121.48"
28-Feb-2024,Feb 2024,Q1 2024,Nairobi,FMCG,Henry L.,Walk-in,148,67.70,"10,019.60","4,797.01","5,222.59"
29-Feb-2024,Feb 2024,Q1 2024,Nakuru,Food & Beverage,Alice M.,Walk-in,110,36.56,"4,021.60","2,286.47","1,735.13"
29-Feb-2024,Feb 2024,Q1 2024,Mombasa,Food & Beverage,Henry L.,Direct,135,228.29,"30,819.15","22,514.24","8,304.91"
29-Feb-2024,Feb 2024,Q1 2024,Nakuru,Food & Beverage,Alice M.,Online,175,373.43,"65,350.25","32,071.92","33,278.33"
01-Mar-2024,Mar 2024,Q1 2024,Mombasa,FMCG,Felix R.,Walk-in,47,311.91,"14,659.77","6,967.83","7,691.94"
02-Mar-2024,Mar 2024,Q1 2024,Nairobi,FMCG,Alice M.,Distributor,132,476.98,"62,961.36","35,695.82","27,265.54"
02-Mar-2024,Mar 2024,Q1 2024,Nairobi,FMCG,Esther N.,Direct,60,419.60,"25,176.00","15,993.61","9,182.39"
04-Mar-2024,Mar 2024,Q1 2024,Mombasa,Industrial Supplies,Henry L.,Direct,114,109.14,"12,441.96","6,332.87","6,109.09"
04-Mar-2024,Mar 2024,Q1 2024,Eldoret,Industrial Supplies,Felix R.,Walk-in,85,397.63,"33,798.55","22,417.73","11,380.82"
05-Mar-2024,Mar 2024,Q1 2024,Nakuru,Electronics,Alice M.,Online,125,244.57,"30,571.25","19,282.91","11,288.34"
05-Mar-2024,Mar 2024,Q1 2024,Kisumu,Food & Beverage,Felix R.,Walk-in,157,269.97,"42,385.29","25,058.17","17,327.12"
06-Mar-2024,Mar 2024,Q1 2024,Mombasa,Electronics,Alice M.,Online,123,340.01,"41,821.23","23,396.64","18,424.59"
07-Mar-2024,Mar 2024,Q1 2024,Nakuru,Food & Beverage,Alice M.,Direct,137,84.98,"11,642.26","8,060.75","3,581.51"
07-Mar-2024,Mar 2024,Q1 2024,Kisumu,FMCG,Felix R.,Direct,10,82.38,823.80,414.66,409.14
08-Mar-2024,Mar 2024,Q1 2024,Nairobi,Apparel,Felix R.,Walk-in,49,108.39,"5,311.11","2,521.29","2,789.82"
08-Mar-2024,Mar 2024,Q1 2024,Eldoret,Industrial Supplies,Henry L.,Direct,148,236.57,"35,012.36","16,371.07","18,641.29"
08-Mar-2024,Mar 2024,Q1 2024,Kisumu,FMCG,Esther N.,Direct,172,186.61,"32,096.92","23,146.78","8,950.14"
08-Mar-2024,Mar 2024,Q1 2024,Nakuru,Electronics,David K.,Walk-in,27,368.07,"9,937.89","7,097.15","2,840.74"
09-Mar-2024,Mar 2024,Q1 2024,Nakuru,Electronics,Alice M.,Walk-in,174,482.47,"83,949.78","56,005.41","27,944.37"
10-Mar-2024,Mar 2024,Q1 2024,Nakuru,Apparel,Grace A.,Walk-in,101,194.07,"19,601.07","10,017.02","9,584.05"
10-Mar-2024,Mar 2024,Q1 2024,Kisumu,Electronics,Grace A.,Online,163,196.15,"31,972.45","14,331.03","17,641.42"
10-Mar-2024,Mar 2024,Q1 2024,Eldoret,Food & Beverage,Alice M.,Distributor,54,438.84,"23,697.36","16,108.18","7,589.18"
11-Mar-2024,Mar 2024,Q1 2024,Eldoret,Industrial Supplies,Brian O.,Direct,33,84.89,"2,801.37","1,944.17",857.20
11-Mar-2024,Mar 2024,Q1 2024,Nairobi,Food & Beverage,Carol W.,Walk-in,172,468.17,"80,525.24","35,637.26","44,887.98"
11-Mar-2024,Mar 2024,Q1 2024,Mombasa,Electronics,Carol W.,Direct,60,257.81,"15,468.60","9,580.94","5,887.66"
12-Mar-2024,Mar 2024,Q1 2024,Nairobi,Electronics,Alice M.,Distributor,38,107.09,"4,069.42","2,481.52","1,587.90"
13-Mar-2024,Mar 2024,Q1 2024,Nairobi,Electronics,David K.,Walk-in,112,232.29,"26,016.48","18,079.03","7,937.45"
13-Mar-2024,Mar 2024,Q1 2024,Nairobi,Food & Beverage,Felix R.,Direct,100,355.22,"35,522.00","18,409.32","17,112.68"
15-Mar-2024,Mar 2024,Q1 2024,Nairobi,Apparel,Grace A.,Online,44,106.13,"4,669.72","3,126.35","1,543.37"
17-Mar-2024,Mar 2024,Q1 2024,Kisumu,FMCG,Brian O.,Direct,47,398.39,"18,724.33","10,143.62","8,580.71"
17-Mar-2024,Mar 2024,Q1 2024,Eldoret,Food & Beverage,Grace A.,Direct,78,126.44,"9,862.32","6,976.14","2,886.18"
18-Mar-2024,Mar 2024,Q1 2024,Nakuru,FMCG,Grace A.,Walk-in,193,366.43,"70,720.99","35,571.15","35,149.84"
18-Mar-2024,Mar 2024,Q1 2024,Nakuru,Food & Beverage,Henry L.,Distributor,27,449.33,"12,131.91","8,504.41","3,627.50"
19-Mar-2024,Mar 2024,Q1 2024,Mombasa,Electronics,Grace A.,Walk-in,89,275.88,"24,553.32","14,841.97","9,711.35"
19-Mar-2024,Mar 2024,Q1 2024,Mombasa,FMCG,Henry L.,Direct,149,474.40,"70,685.60","41,509.28","29,176.32"
19-Mar-2024,Mar 2024,Q1 2024,Nakuru,Apparel,Esther N.,Walk-in,128,490.32,"62,760.96","41,716.85","21,044.11"
20-Mar-2024,Mar 2024,Q1 2024,Nairobi,Industrial Supplies,Esther N.,Online,164,349.43,"57,306.52","29,945.93","27,360.59"
20-Mar-2024,Mar 2024,Q1 2024,Nakuru,FMCG,Brian O.,Online,147,190.10,"27,944.70","13,499.75","14,444.95"
21-Mar-2024,Mar 2024,Q1 2024,Nakuru,Electronics,Esther N.,Distributor,134,457.19,"61,263.46","27,281.75","33,981.71"
21-Mar-2024,Mar 2024,Q1 2024,Nakuru,Industrial Supplies,Henry L.,Walk-in,57,176.69,"10,071.33","7,047.07","3,024.26"
21-Mar-2024,Mar 2024,Q1 2024,Kisumu,Electronics,Brian O.,Distributor,194,259.32,"50,308.08","36,955.65","13,352.43"
22-Mar-2024,Mar 2024,Q1 2024,Nairobi,Industrial Supplies,Henry L.,Walk-in,51,309.55,"15,787.05","7,535.04","8,252.01"
24-Mar-2024,Mar 2024,Q1 2024,Mombasa,Food & Beverage,Carol W.,Walk-in,16,211.32,"3,381.12","1,735.44","1,645.68"
25-Mar-2024,Mar 2024,Q1 2024,Eldoret,Industrial Supplies,Carol W.,Direct,30,172.24,"5,167.20","2,113.18","3,054.02"
26-Mar-2024,Mar 2024,Q1 2024,Nakuru,Industrial Supplies,Henry L.,Distributor,107,452.20,"48,385.40","33,500.94","14,884.46"
26-Mar-2024,Mar 2024,Q1 2024,Nairobi,Food & Beverage,Alice M.,Distributor,79,26.02,"2,055.58","1,379.92",675.66
26-Mar-2024,Mar 2024,Q1 2024,Mombasa,FMCG,Carol W.,Direct,113,48.40,"5,469.20","2,794.25","2,674.95"
27-Mar-2024,Mar 2024,Q1 2024,Nairobi,Food & Beverage,Brian O.,Distributor,94,182.04,"17,111.76","7,094.91","10,016.85"
27-Mar-2024,Mar 2024,Q1 2024,Eldoret,Industrial Supplies,Grace A.,Walk-in,12,197.54,"2,370.48","1,423.87",946.61
27-Mar-2024,Mar 2024,Q1 2024,Eldoret,FMCG,Henry L.,Direct,38,311.10,"11,821.80","6,245.21","5,576.59"
27-Mar-2024,Mar 2024,Q1 2024,Nairobi,Apparel,Alice M.,Walk-in,168,135.34,"22,737.12","12,797.44","9,939.68"
28-Mar-2024,Mar 2024,Q1 2024,Eldoret,FMCG,Esther N.,Direct,125,72.69,"9,086.25","5,992.13","3,094.12"
29-Mar-2024,Mar 2024,Q1 2024,Nakuru,Electronics,Alice M.,Direct,8,138.47,"1,107.76",815.38,292.38
30-Mar-2024,Mar 2024,Q1 2024,Eldoret,Food & Beverage,Esther N.,Walk-in,145,418.53,"60,686.85","39,060.71","21,626.14"
30-Mar-2024,Mar 2024,Q1 2024,Nakuru,Industrial Supplies,Carol W.,Distributor,21,360.86,"7,578.06","3,180.80","4,397.26"
30-Mar-2024,Mar 2024,Q1 2024,Nairobi,Industrial Supplies,Henry L.,Distributor,29,236.40,"6,855.60","3,212.78","3,642.82"
30-Mar-2024,Mar 2024,Q1 2024,Nairobi,Apparel,Felix R.,Online,114,371.88,"42,394.32","30,386.15","12,008.17"
31-Mar-2024,Mar 2024,Q1 2024,Nakuru,Food & Beverage,Felix R.,Online,46,420.45,"19,340.70","12,754.59","6,586.11"
01-Apr-2024,Apr 2024,Q2 2024,Eldoret,Apparel,Alice M.,Direct,157,222.94,"35,001.58","17,326.11","17,675.47"
01-Apr-2024,Apr 2024,Q2 2024,Nairobi,Electronics,Carol W.,Distributor,54,313.69,"16,939.26","11,207.92","5,731.34"
02-Apr-2024,Apr 2024,Q2 2024,Mombasa,FMCG,Brian O.,Walk-in,163,344.74,"56,192.62","32,356.64","23,835.98"
02-Apr-2024,Apr 2024,Q2 2024,Mombasa,Apparel,Henry L.,Distributor,62,499.99,"30,999.38","21,568.41","9,430.97"
03-Apr-2024,Apr 2024,Q2 2024,Nairobi,Apparel,Grace A.,Online,59,232.80,"13,735.20","8,678.93","5,056.27"
04-Apr-2024,Apr 2024,Q2 2024,Eldoret,Electronics,Alice M.,Direct,176,33.77,"5,943.52","4,444.36","1,499.16"
07-Apr-2024,Apr 2024,Q2 2024,Mombasa,Industrial Supplies,Henry L.,Walk-in,83,253.71,"21,057.93","15,129.76","5,928.17"
08-Apr-2024,Apr 2024,Q2 2024,Nairobi,Apparel,Carol W.,Walk-in,170,136.06,"23,130.20","15,840.26","7,289.94"
10-Apr-2024,Apr 2024,Q2 2024,Eldoret,FMCG,Carol W.,Direct,109,21.72,"2,367.48","1,326.88","1,040.60"
11-Apr-2024,Apr 2024,Q2 2024,Eldoret,FMCG,Esther N.,Distributor,96,354.68,"34,049.28","22,017.19","12,032.09"
12-Apr-2024,Apr 2024,Q2 2024,Mombasa,FMCG,Henry L.,Direct,97,281.47,"27,302.59","16,951.66","10,350.93"
12-Apr-2024,Apr 2024,Q2 2024,Eldoret,Food & Beverage,Carol W.,Direct,191,236.19,"45,112.29","22,649.60","22,462.69"
13-Apr-2024,Apr 2024,Q2 2024,Mombasa,Food & Beverage,Brian O.,Distributor,32,90.54,"2,897.28","1,700.36","1,196.92"
13-Apr-2024,Apr 2024,Q2 2024,Mombasa,Food & Beverage,Esther N.,Online,191,457.95,"87,468.45","63,549.84","23,918.61"
14-Apr-2024,Apr 2024,Q2 2024,Kisumu,FMCG,Carol W.,Online,79,170.78,"13,491.62","10,082.21","3,409.41"
14-Apr-2024,Apr 2024,Q2 2024,Mombasa,Food & Beverage,Felix R.,Walk-in,155,320.80,"49,724.00","22,769.40","26,954.60"
15-Apr-2024,Apr 2024,Q2 2024,Nakuru,Industrial Supplies,Alice M.,Walk-in,127,12.89,"1,637.03","1,026.23",610.80
15-Apr-2024,Apr 2024,Q2 2024,Nairobi,Food & Beverage,Felix R.,Online,157,274.00,"43,018.00","27,390.47","15,627.53"
17-Apr-2024,Apr 2024,Q2 2024,Nakuru,Food & Beverage,Felix R.,Walk-in,118,226.66,"26,745.88","18,058.94","8,686.94"
18-Apr-2024,Apr 2024,Q2 2024,Eldoret,FMCG,Esther N.,Walk-in,176,328.44,"57,805.44","34,490.48","23,314.96"
18-Apr-2024,Apr 2024,Q2 2024,Mombasa,Electronics,Henry L.,Distributor,183,306.16,"56,027.28","38,010.05","18,017.23"
18-Apr-2024,Apr 2024,Q2 2024,Nakuru,Apparel,Felix R.,Online,91,278.18,"25,314.38","17,828.72","7,485.66"
19-Apr-2024,Apr 2024,Q2 2024,Mombasa,FMCG,David K.,Online,171,210.66,"36,022.86","26,764.32","9,258.54"
20-Apr-2024,Apr 2024,Q2 2024,Eldoret,Electronics,Felix R.,Walk-in,33,148.79,"4,910.07","2,516.56","2,393.51"
22-Apr-2024,Apr 2024,Q2 2024,Nairobi,Food & Beverage,Henry L.,Direct,89,459.77,"40,919.53","27,804.31","13,115.22"
24-Apr-2024,Apr 2024,Q2 2024,Nairobi,FMCG,Grace A.,Online,76,433.53,"32,948.28","13,561.14","19,387.14"
24-Apr-2024,Apr 2024,Q2 2024,Eldoret,Electronics,Grace A.,Direct,124,434.36,"53,860.64","25,813.54","28,047.10"
25-Apr-2024,Apr 2024,Q2 2024,Mombasa,Electronics,Brian O.,Walk-in,89,361.51,"32,174.39","22,998.55","9,175.84"
25-Apr-2024,Apr 2024,Q2 2024,Kisumu,Apparel,Carol W.,Direct,103,256.63,"26,432.89","16,992.64","9,440.25"
27-Apr-2024,Apr 2024,Q2 2024,Eldoret,FMCG,Alice M.,Direct,186,319.24,"59,378.64","39,775.99","19,602.65"
28-Apr-2024,Apr 2024,Q2 2024,Eldoret,Industrial Supplies,Felix R.,Walk-in,196,51.60,"10,113.60","7,246.88","2,866.72"
30-Apr-2024,Apr 2024,Q2 2024,Nakuru,Electronics,David K.,Direct,163,50.17,"8,177.71","4,251.75","3,925.96"
30-Apr-2024,Apr 2024,Q2 2024,Kisumu,Apparel,Felix R.,Direct,40,83.91,"3,356.40","2,067.33","1,289.07"
01-May-2024,May 2024,Q2 2024,Nakuru,Food & Beverage,Esther N.,Walk-in,64,271.67,"17,386.88","11,156.92","6,229.96"
02-May-2024,May 2024,Q2 2024,Nakuru,Food & Beverage,Henry L.,Direct,33,419.98,"13,859.34","7,969.95","5,889.39"
02-May-2024,May 2024,Q2 2024,Eldoret,Apparel,Esther N.,Walk-in,124,271.49,"33,664.76","21,015.53","12,649.23"
02-May-2024,May 2024,Q2 2024,Nakuru,Industrial Supplies,Brian O.,Distributor,132,322.66,"42,591.12","30,884.77","11,706.35"
03-May-2024,May 2024,Q2 2024,Eldoret,Industrial Supplies,Carol W.,Direct,139,487.58,"67,773.62","49,224.81","18,548.81"
04-May-2024,May 2024,Q2 2024,Mombasa,Electronics,Brian O.,Walk-in,61,96.18,"5,866.98","2,433.11","3,433.87"
04-May-2024,May 2024,Q2 2024,Nairobi,Apparel,Brian O.,Direct,93,271.05,"25,207.65","13,069.35","12,138.30"
04-May-2024,May 2024,Q2 2024,Eldoret,FMCG,Carol W.,Online,148,218.92,"32,400.16","19,060.40","13,339.76"
05-May-2024,May 2024,Q2 2024,Mombasa,Industrial Supplies,Grace A.,Online,168,347.20,"58,329.60","39,263.68","19,065.92"
05-May-2024,May 2024,Q2 2024,Nairobi,Apparel,Henry L.,Distributor,197,237.71,"46,828.87","25,118.25","21,710.62"
06-May-2024,May 2024,Q2 2024,Eldoret,Food & Beverage,Esther N.,Walk-in,154,205.71,"31,679.34","21,327.73","10,351.61"
06-May-2024,May 2024,Q2 2024,Kisumu,Electronics,Henry L.,Online,94,432.48,"40,653.12","29,252.19","11,400.93"
07-May-2024,May 2024,Q2 2024,Eldoret,Electronics,Grace A.,Online,127,276.81,"35,154.87","20,402.56","14,752.31"
08-May-2024,May 2024,Q2 2024,Eldoret,Electronics,Brian O.,Online,169,176.69,"29,860.61","19,328.02","10,532.59"
11-May-2024,May 2024,Q2 2024,Kisumu,FMCG,Brian O.,Distributor,84,62.97,"5,289.48","3,919.57","1,369.91"
12-May-2024,May 2024,Q2 2024,Kisumu,Apparel,Esther N.,Direct,137,474.55,"65,013.35","46,811.92","18,201.43"
12-May-2024,May 2024,Q2 2024,Mombasa,Apparel,Carol W.,Online,192,444.34,"85,313.28","40,950.32","44,362.96"
13-May-2024,May 2024,Q2 2024,Kisumu,Food & Beverage,Henry L.,Walk-in,30,403.38,"12,101.40","6,016.27","6,085.13"
13-May-2024,May 2024,Q2 2024,Kisumu,Industrial Supplies,Felix R.,Online,120,143.26,"17,191.20","12,444.01","4,747.19"
14-May-2024,May 2024,Q2 2024,Nakuru,Food & Beverage,Felix R.,Walk-in,161,202.35,"32,578.35","23,131.24","9,447.11"
14-May-2024,May 2024,Q2 2024,Nakuru,Industrial Supplies,Esther N.,Distributor,73,286.48,"20,913.04","14,578.57","6,334.47"
15-May-2024,May 2024,Q2 2024,Eldoret,Industrial Supplies,Esther N.,Direct,28,320.80,"8,982.40","4,129.46","4,852.94"
15-May-2024,May 2024,Q2 2024,Nairobi,FMCG,Grace A.,Direct,195,41.14,"8,022.30","4,758.06","3,264.24"
15-May-2024,May 2024,Q2 2024,Nakuru,Industrial Supplies,Henry L.,Direct,49,144.95,"7,102.55","4,969.31","2,133.24"
17-May-2024,May 2024,Q2 2024,Nakuru,Food & Beverage,Alice M.,Direct,53,404.28,"21,426.84","11,663.61","9,763.23"
17-May-2024,May 2024,Q2 2024,Kisumu,Electronics,Felix R.,Online,84,147.37,"12,379.08","7,154.28","5,224.80"
17-May-2024,May 2024,Q2 2024,Nakuru,Food & Beverage,Brian O.,Distributor,118,113.58,"13,402.44","6,186.71","7,215.73"
17-May-2024,May 2024,Q2 2024,Nairobi,Apparel,Felix R.,Distributor,34,206.38,"7,016.92","2,899.33","4,117.59"
18-May-2024,May 2024,Q2 2024,Nairobi,FMCG,Brian O.,Distributor,115,229.93,"26,441.95","14,697.52","11,744.43"
18-May-2024,May 2024,Q2 2024,Nairobi,Food & Beverage,Felix R.,Direct,133,339.93,"45,210.69","33,074.55","12,136.14"
19-May-2024,May 2024,Q2 2024,Eldoret,Food & Beverage,Henry L.,Walk-in,25,303.04,"7,576.00","3,323.61","4,252.39"
19-May-2024,May 2024,Q2 2024,Nakuru,Industrial Supplies,Grace A.,Distributor,33,74.93,"2,472.69","1,225.85","1,246.84"
20-May-2024,May 2024,Q2 2024,Mombasa,Apparel,Brian O.,Distributor,156,471.39,"73,536.84","51,183.99","22,352.85"
20-May-2024,May 2024,Q2 2024,Nairobi,Food & Beverage,Carol W.,Walk-in,147,252.85,"37,168.95","15,228.06","21,940.89"
21-May-2024,May 2024,Q2 2024,Kisumu,Apparel,Esther N.,Online,53,83.47,"4,423.91","2,132.70","2,291.21"
22-May-2024,May 2024,Q2 2024,Kisumu,Food & Beverage,Grace A.,Online,12,66.52,798.24,327.57,470.67
22-May-2024,May 2024,Q2 2024,Eldoret,Apparel,David K.,Online,78,355.40,"27,721.20","14,093.90","13,627.30"
25-May-2024,May 2024,Q2 2024,Kisumu,Food & Beverage,Carol W.,Online,25,295.54,"7,388.50","5,175.64","2,212.86"
26-May-2024,May 2024,Q2 2024,Mombasa,Food & Beverage,Felix R.,Distributor,167,103.16,"17,227.72","11,409.59","5,818.13"
27-May-2024,May 2024,Q2 2024,Mombasa,Industrial Supplies,Henry L.,Direct,151,65.96,"9,959.96","4,767.94","5,192.02"
31-May-2024,May 2024,Q2 2024,Kisumu,Electronics,Henry L.,Direct,41,379.53,"15,560.73","10,441.79","5,118.94"
31-May-2024,May 2024,Q2 2024,Nairobi,Food & Beverage,Alice M.,Online,163,74.21,"12,096.23","7,477.26","4,618.97"
31-May-2024,May 2024,Q2 2024,Kisumu,Industrial Supplies,Grace A.,Walk-in,193,27.31,"5,270.83","2,646.88","2,623.95"
01-Jun-2024,Jun 2024,Q2 2024,Eldoret,Food & Beverage,David K.,Distributor,100,383.63,"38,363.00","21,529.98","16,833.02"
02-Jun-2024,Jun 2024,Q2 2024,Nakuru,Apparel,Henry L.,Online,55,499.69,"27,482.95","12,403.95","15,079.00"
02-Jun-2024,Jun 2024,Q2 2024,Nairobi,Electronics,Alice M.,Online,170,63.59,"10,810.30","5,080.65","5,729.65"
03-Jun-2024,Jun 2024,Q2 2024,Nakuru,Electronics,Carol W.,Direct,14,159.14,"2,227.96","1,286.83",941.13
03-Jun-2024,Jun 2024,Q2 2024,Eldoret,Food & Beverage,Grace A.,Direct,6,260.64,"1,563.84",810.34,753.50
04-Jun-2024,Jun 2024,Q2 2024,Eldoret,FMCG,Henry L.,Online,156,486.21,"75,848.76","30,398.25","45,450.51"
06-Jun-2024,Jun 2024,Q2 2024,Mombasa,Electronics,David K.,Direct,26,368.63,"9,584.38","4,450.91","5,133.47"
07-Jun-2024,Jun 2024,Q2 2024,Kisumu,Apparel,Alice M.,Distributor,41,287.50,"11,787.50","7,187.14","4,600.36"
08-Jun-2024,Jun 2024,Q2 2024,Eldoret,Industrial Supplies,Grace A.,Distributor,24,300.13,"7,203.12","3,308.39","3,894.73"
08-Jun-2024,Jun 2024,Q2 2024,Kisumu,Food & Beverage,Brian O.,Direct,44,87.13,"3,833.72","2,046.27","1,787.45"
08-Jun-2024,Jun 2024,Q2 2024,Kisumu,Electronics,Henry L.,Direct,99,108.33,"10,724.67","5,927.18","4,797.49"
09-Jun-2024,Jun 2024,Q2 2024,Nakuru,Food & Beverage,Brian O.,Walk-in,152,103.14,"15,677.28","11,514.41","4,162.87"
09-Jun-2024,Jun 2024,Q2 2024,Eldoret,Industrial Supplies,Grace A.,Walk-in,79,66.43,"5,247.97","3,897.67","1,350.30"
09-Jun-2024,Jun 2024,Q2 2024,Nairobi,FMCG,Esther N.,Direct,51,192.92,"9,838.92","6,892.40","2,946.52"
09-Jun-2024,Jun 2024,Q2 2024,Kisumu,Apparel,Carol W.,Walk-in,197,438.50,"86,384.50","45,390.59","40,993.91"
12-Jun-2024,Jun 2024,Q2 2024,Kisumu,Industrial Supplies,Carol W.,Online,136,285.21,"38,788.56","24,759.10","14,029.46"
12-Jun-2024,Jun 2024,Q2 2024,Mombasa,Apparel,Felix R.,Walk-in,16,285.64,"4,570.24","3,073.73","1,496.51"
14-Jun-2024,Jun 2024,Q2 2024,Eldoret,Apparel,Alice M.,Direct,63,481.34,"30,324.42","13,870.83","16,453.59"
14-Jun-2024,Jun 2024,Q2 2024,Mombasa,Apparel,Esther N.,Direct,69,106.19,"7,327.11","3,042.78","4,284.33"
15-Jun-2024,Jun 2024,Q2 2024,Nairobi,FMCG,Alice M.,Online,107,141.19,"15,107.33","10,214.91","4,892.42"
15-Jun-2024,Jun 2024,Q2 2024,Mombasa,Food & Beverage,Henry L.,Online,27,223.99,"6,047.73","4,311.72","1,736.01"
15-Jun-2024,Jun 2024,Q2 2024,Nakuru,Electronics,Esther N.,Walk-in,104,391.79,"40,746.16","20,222.51","20,523.65"
16-Jun-2024,Jun 2024,Q2 2024,Kisumu,Apparel,Henry L.,Walk-in,47,347.98,"16,355.06","10,253.94","6,101.12"
17-Jun-2024,Jun 2024,Q2 2024,Eldoret,Industrial Supplies,Felix R.,Walk-in,143,27.59,"3,945.37","2,864.55","1,080.82"
17-Jun-2024,Jun 2024,Q2 2024,Mombasa,Food & Beverage,Brian O.,Walk-in,135,187.30,"25,285.50","15,755.16","9,530.34"
17-Jun-2024,Jun 2024,Q2 2024,Kisumu,Food & Beverage,Alice M.,Online,172,186.18,"32,022.96","21,368.73","10,654.23"
18-Jun-2024,Jun 2024,Q2 2024,Eldoret,Apparel,Brian O.,Online,134,161.55,"21,647.70","13,141.51","8,506.19"
18-Jun-2024,Jun 2024,Q2 2024,Eldoret,Electronics,Alice M.,Distributor,59,451.62,"26,645.58","13,527.94","13,117.64"
19-Jun-2024,Jun 2024,Q2 2024,Nakuru,FMCG,Esther N.,Distributor,184,62.97,"11,586.48","5,152.99","6,433.49"
19-Jun-2024,Jun 2024,Q2 2024,Nakuru,Food & Beverage,Henry L.,Distributor,160,447.63,"71,620.80","50,211.67","21,409.13"
19-Jun-2024,Jun 2024,Q2 2024,Mombasa,Apparel,Alice M.,Direct,120,144.03,"17,283.60","8,358.04","8,925.56"
21-Jun-2024,Jun 2024,Q2 2024,Kisumu,Food & Beverage,David K.,Distributor,161,429.51,"69,151.11","30,152.31","38,998.80"
22-Jun-2024,Jun 2024,Q2 2024,Nakuru,Industrial Supplies,Grace A.,Direct,85,219.11,"18,624.35","9,632.74","8,991.61"
22-Jun-2024,Jun 2024,Q2 2024,Eldoret,Electronics,Felix R.,Direct,89,56.31,"5,011.59","2,568.78","2,442.81"
26-Jun-2024,Jun 2024,Q2 2024,Nakuru,Apparel,Henry L.,Distributor,56,415.70,"23,279.20","15,250.29","8,028.91"
26-Jun-2024,Jun 2024,Q2 2024,Nairobi,Electronics,Grace A.,Distributor,24,176.89,"4,245.36","2,041.37","2,203.99"
26-Jun-2024,Jun 2024,Q2 2024,Kisumu,FMCG,Brian O.,Online,119,15.58,"1,854.02","1,254.45",599.57
28-Jun-2024,Jun 2024,Q2 2024,Mombasa,Electronics,Alice M.,Direct,68,107.69,"7,322.92","5,439.96","1,882.96"
28-Jun-2024,Jun 2024,Q2 2024,Kisumu,Industrial Supplies,Carol W.,Direct,84,283.87,"23,845.08","12,513.36","11,331.72"
29-Jun-2024,Jun 2024,Q2 2024,Nakuru,Food & Beverage,Carol W.,Online,162,299.18,"48,467.16","24,949.03","23,518.13"
30-Jun-2024,Jun 2024,Q2 2024,Nairobi,Industrial Supplies,Alice M.,Walk-in,9,235.28,"2,117.52","1,530.43",587.09
30-Jun-2024,Jun 2024,Q2 2024,Kisumu,Industrial Supplies,Brian O.,Online,108,234.91,"25,370.28","16,868.12","8,502.16"
30-Jun-2024,Jun 2024,Q2 2024,Mombasa,FMCG,Esther N.,Online,119,442.88,"52,702.72","38,887.90","13,814.82"
02-Jul-2024,Jul 2024,Q3 2024,Kisumu,Industrial Supplies,Carol W.,Distributor,140,211.91,"29,667.40","15,171.01","14,496.39"
02-Jul-2024,Jul 2024,Q3 2024,Eldoret,Electronics,Felix R.,Distributor,149,474.70,"70,730.30","32,334.79","38,395.51"
04-Jul-2024,Jul 2024,Q3 2024,Eldoret,FMCG,Brian O.,Direct,174,121.67,"21,170.58","13,733.66","7,436.92"
04-Jul-2024,Jul 2024,Q3 2024,Nairobi,Apparel,Felix R.,Direct,106,145.18,"15,389.08","6,326.88","9,062.20"
04-Jul-2024,Jul 2024,Q3 2024,Eldoret,Food & Beverage,Brian O.,Walk-in,133,118.56,"15,768.48","8,431.61","7,336.87"
06-Jul-2024,Jul 2024,Q3 2024,Eldoret,Food & Beverage,Esther N.,Distributor,70,457.88,"32,051.60","13,446.74","18,604.86"
06-Jul-2024,Jul 2024,Q3 2024,Nakuru,Apparel,Alice M.,Walk-in,18,289.44,"5,209.92","3,552.49","1,657.43"
06-Jul-2024,Jul 2024,Q3 2024,Eldoret,Electronics,Henry L.,Distributor,113,60.18,"6,800.34","3,124.59","3,675.75"
07-Jul-2024,Jul 2024,Q3 2024,Nakuru,Food & Beverage,Felix R.,Walk-in,195,279.69,"54,539.55","34,189.01","20,350.54"
08-Jul-2024,Jul 2024,Q3 2024,Kisumu,FMCG,Esther N.,Direct,160,321.14,"51,382.40","28,930.91","22,451.49"
08-Jul-2024,Jul 2024,Q3 2024,Eldoret,Food & Beverage,Carol W.,Walk-in,37,30.50,"1,128.50",702.35,426.15
09-Jul-2024,Jul 2024,Q3 2024,Mombasa,Food & Beverage,Alice M.,Online,176,69.89,"12,300.64","7,703.16","4,597.48"
10-Jul-2024,Jul 2024,Q3 2024,Mombasa,Industrial Supplies,Brian O.,Direct,26,55.68,"1,447.68","1,036.83",410.85
10-Jul-2024,Jul 2024,Q3 2024,Kisumu,Electronics,Felix R.,Direct,93,128.15,"11,917.95","6,197.49","5,720.46"
10-Jul-2024,Jul 2024,Q3 2024,Eldoret,Food & Beverage,Esther N.,Online,180,62.97,"11,334.60","8,247.70","3,086.90"
11-Jul-2024,Jul 2024,Q3 2024,Nakuru,FMCG,Grace A.,Direct,163,154.74,"25,222.62","16,741.33","8,481.29"
12-Jul-2024,Jul 2024,Q3 2024,Nakuru,Apparel,David K.,Distributor,151,197.66,"29,846.66","13,442.80","16,403.86"
12-Jul-2024,Jul 2024,Q3 2024,Kisumu,Apparel,Carol W.,Distributor,191,10.88,"2,078.08","1,047.97","1,030.11"
13-Jul-2024,Jul 2024,Q3 2024,Kisumu,Industrial Supplies,Esther N.,Direct,125,19.50,"2,437.50","1,367.93","1,069.57"
13-Jul-2024,Jul 2024,Q3 2024,Kisumu,Electronics,Henry L.,Online,51,248.90,"12,693.90","7,943.99","4,749.91"
13-Jul-2024,Jul 2024,Q3 2024,Mombasa,FMCG,Alice M.,Direct,53,19.28,"1,021.84",654.19,367.65
13-Jul-2024,Jul 2024,Q3 2024,Nakuru,Apparel,Carol W.,Online,15,150.94,"2,264.10","1,132.16","1,131.94"
13-Jul-2024,Jul 2024,Q3 2024,Nairobi,Food & Beverage,Esther N.,Walk-in,184,85.03,"15,645.52","7,927.32","7,718.20"
14-Jul-2024,Jul 2024,Q3 2024,Eldoret,Apparel,Grace A.,Direct,43,77.31,"3,324.33","2,260.20","1,064.13"
15-Jul-2024,Jul 2024,Q3 2024,Eldoret,Industrial Supplies,David K.,Distributor,88,467.54,"41,143.52","20,473.22","20,670.30"
16-Jul-2024,Jul 2024,Q3 2024,Kisumu,FMCG,Henry L.,Walk-in,99,462.91,"45,828.09","26,041.97","19,786.12"
16-Jul-2024,Jul 2024,Q3 2024,Mombasa,Food & Beverage,Alice M.,Direct,169,467.84,"79,064.96","45,308.28","33,756.68"
17-Jul-2024,Jul 2024,Q3 2024,Nakuru,Food & Beverage,Carol W.,Walk-in,113,101.02,"11,415.26","6,022.40","5,392.86"
17-Jul-2024,Jul 2024,Q3 2024,Kisumu,FMCG,Carol W.,Distributor,156,165.82,"25,867.92","12,718.30","13,149.62"
17-Jul-2024,Jul 2024,Q3 2024,Eldoret,Industrial Supplies,Henry L.,Distributor,126,156.44,"19,711.44","12,059.82","7,651.62"
17-Jul-2024,Jul 2024,Q3 2024,Eldoret,Industrial Supplies,Felix R.,Online,138,234.50,"32,361.00","14,377.57","17,983.43"
18-Jul-2024,Jul 2024,Q3 2024,Nakuru,Food & Beverage,David K.,Walk-in,61,143.74,"8,768.14","5,085.74","3,682.40"
18-Jul-2024,Jul 2024,Q3 2024,Kisumu,Industrial Supplies,Carol W.,Walk-in,37,490.55,"18,150.35","10,219.68","7,930.67"
18-Jul-2024,Jul 2024,Q3 2024,Eldoret,Apparel,Grace A.,Distributor,181,364.84,"66,036.04","37,952.40","28,083.64"
18-Jul-2024,Jul 2024,Q3 2024,Kisumu,Apparel,Brian O.,Direct,6,472.05,"2,832.30","1,683.36","1,148.94"
20-Jul-2024,Jul 2024,Q3 2024,Eldoret,Food & Beverage,Alice M.,Direct,169,220.02,"37,183.38","16,606.17","20,577.21"
20-Jul-2024,Jul 2024,Q3 2024,Eldoret,Industrial Supplies,David K.,Distributor,154,182.92,"28,169.68","20,628.96","7,540.72"
21-Jul-2024,Jul 2024,Q3 2024,Mombasa,Apparel,Henry L.,Online,197,468.51,"92,296.47","68,921.43","23,375.04"
22-Jul-2024,Jul 2024,Q3 2024,Eldoret,Industrial Supplies,Esther N.,Direct,197,326.98,"64,415.06","41,860.85","22,554.21"
24-Jul-2024,Jul 2024,Q3 2024,Eldoret,Food & Beverage,Grace A.,Direct,97,353.80,"34,318.60","15,982.04","18,336.56"
25-Jul-2024,Jul 2024,Q3 2024,Kisumu,Food & Beverage,Carol W.,Distributor,112,335.82,"37,611.84","23,217.76","14,394.08"
25-Jul-2024,Jul 2024,Q3 2024,Nakuru,Industrial Supplies,Grace A.,Direct,14,271.55,"3,801.70","1,879.06","1,922.64"
25-Jul-2024,Jul 2024,Q3 2024,Nairobi,FMCG,David K.,Distributor,59,369.70,"21,812.30","11,857.33","9,954.97"
26-Jul-2024,Jul 2024,Q3 2024,Mombasa,FMCG,Grace A.,Walk-in,12,371.32,"4,455.84","1,964.65","2,491.19"
27-Jul-2024,Jul 2024,Q3 2024,Eldoret,FMCG,David K.,Distributor,50,441.89,"22,094.50","16,379.20","5,715.30"
27-Jul-2024,Jul 2024,Q3 2024,Nakuru,Food & Beverage,David K.,Walk-in,170,358.80,"60,996.00","36,179.10","24,816.90"
27-Jul-2024,Jul 2024,Q3 2024,Kisumu,Electronics,Felix R.,Distributor,118,227.90,"26,892.20","17,946.79","8,945.41"
27-Jul-2024,Jul 2024,Q3 2024,Nairobi,Electronics,Brian O.,Online,146,55.60,"8,117.60","4,389.06","3,728.54"
27-Jul-2024,Jul 2024,Q3 2024,Nairobi,Food & Beverage,Felix R.,Distributor,120,161.07,"19,328.40","12,703.54","6,624.86"
28-Jul-2024,Jul 2024,Q3 2024,Eldoret,Food & Beverage,Esther N.,Online,81,126.40,"10,238.40","7,500.93","2,737.47"
28-Jul-2024,Jul 2024,Q3 2024,Eldoret,Industrial Supplies,Carol W.,Online,188,98.37,"18,493.56","13,347.10","5,146.46"
29-Jul-2024,Jul 2024,Q3 2024,Nakuru,Apparel,Grace A.,Direct,121,53.15,"6,431.15","4,255.24","2,175.91"
29-Jul-2024,Jul 2024,Q3 2024,Nairobi,Apparel,Henry L.,Walk-in,103,494.32,"50,914.96","24,065.58","26,849.38"
31-Jul-2024,Jul 2024,Q3 2024,Kisumu,Food & Beverage,Esther N.,Direct,77,365.76,"28,163.52","12,867.45","15,296.07"
31-Jul-2024,Jul 2024,Q3 2024,Nairobi,Industrial Supplies,Felix R.,Distributor,103,497.32,"51,223.96","31,696.39","19,527.57"
01-Aug-2024,Aug 2024,Q3 2024,Eldoret,Food & Beverage,David K.,Walk-in,120,455.17,"54,620.40","35,280.76","19,339.64"
01-Aug-2024,Aug 2024,Q3 2024,Eldoret,Apparel,Alice M.,Walk-in,72,483.86,"34,837.92","16,582.28","18,255.64"
02-Aug-2024,Aug 2024,Q3 2024,Mombasa,FMCG,Carol W.,Online,18,324.18,"5,835.24","2,591.19","3,244.05"
02-Aug-2024,Aug 2024,Q3 2024,Mombasa,Industrial Supplies,Henry L.,Walk-in,94,277.55,"26,089.70","18,641.09","7,448.61"
03-Aug-2024,Aug 2024,Q3 2024,Kisumu,Apparel,Esther N.,Online,123,427.09,"52,532.07","30,747.66","21,784.41"
06-Aug-2024,Aug 2024,Q3 2024,Eldoret,Electronics,Brian O.,Direct,181,452.93,"81,980.33","45,830.56","36,149.77"
06-Aug-2024,Aug 2024,Q3 2024,Eldoret,Industrial Supplies,Carol W.,Walk-in,120,137.00,"16,440.00","10,907.38","5,532.62"
06-Aug-2024,Aug 2024,Q3 2024,Nairobi,Industrial Supplies,Henry L.,Direct,25,167.83,"4,195.75","2,928.98","1,266.77"
06-Aug-2024,Aug 2024,Q3 2024,Eldoret,Apparel,Brian O.,Walk-in,176,56.74,"9,986.24","4,058.51","5,927.73"
08-Aug-2024,Aug 2024,Q3 2024,Kisumu,Industrial Supplies,Grace A.,Walk-in,191,36.54,"6,979.14","3,638.16","3,340.98"
08-Aug-2024,Aug 2024,Q3 2024,Mombasa,FMCG,Grace A.,Distributor,133,283.77,"37,741.41","19,481.48","18,259.93"
10-Aug-2024,Aug 2024,Q3 2024,Mombasa,Apparel,Henry L.,Online,197,102.33,"20,159.01","8,429.90","11,729.11"
11-Aug-2024,Aug 2024,Q3 2024,Nairobi,Food & Beverage,David K.,Online,115,44.29,"5,093.35","2,635.89","2,457.46"
11-Aug-2024,Aug 2024,Q3 2024,Eldoret,Industrial Supplies,Brian O.,Walk-in,84,375.44,"31,536.96","21,207.02","10,329.94"
11-Aug-2024,Aug 2024,Q3 2024,Nakuru,Apparel,Carol W.,Online,62,336.11,"20,838.82","9,688.82","11,150.00"
12-Aug-2024,Aug 2024,Q3 2024,Nakuru,Electronics,Alice M.,Distributor,186,87.61,"16,295.46","9,079.93","7,215.53"
12-Aug-2024,Aug 2024,Q3 2024,Nairobi,FMCG,Brian O.,Distributor,170,189.50,"32,215.00","19,844.47","12,370.53"
12-Aug-2024,Aug 2024,Q3 2024,Kisumu,Electronics,Grace A.,Walk-in,40,320.33,"12,813.20","8,524.53","4,288.67"
13-Aug-2024,Aug 2024,Q3 2024,Kisumu,Industrial Supplies,Carol W.,Online,87,305.57,"26,584.59","13,469.02","13,115.57"
14-Aug-2024,Aug 2024,Q3 2024,Eldoret,Electronics,Alice M.,Direct,28,463.92,"12,989.76","5,883.80","7,105.96"
16-Aug-2024,Aug 2024,Q3 2024,Eldoret,Electronics,David K.,Direct,107,225.09,"24,084.63","13,513.50","10,571.13"
17-Aug-2024,Aug 2024,Q3 2024,Mombasa,Industrial Supplies,Carol W.,Online,123,132.41,"16,286.43","6,951.98","9,334.45"
18-Aug-2024,Aug 2024,Q3 2024,Eldoret,Industrial Supplies,Esther N.,Direct,64,151.17,"9,674.88","6,298.82","3,376.06"
18-Aug-2024,Aug 2024,Q3 2024,Nakuru,Food & Beverage,Felix R.,Distributor,146,323.50,"47,231.00","32,415.24","14,815.76"
18-Aug-2024,Aug 2024,Q3 2024,Eldoret,Industrial Supplies,Grace A.,Direct,185,115.25,"21,321.25","13,913.81","7,407.44"
18-Aug-2024,Aug 2024,Q3 2024,Eldoret,Electronics,Felix R.,Direct,129,76.90,"9,920.10","4,609.62","5,310.48"
19-Aug-2024,Aug 2024,Q3 2024,Mombasa,Industrial Supplies,Brian O.,Online,175,180.24,"31,542.00","22,939.59","8,602.41"
20-Aug-2024,Aug 2024,Q3 2024,Kisumu,Apparel,Esther N.,Distributor,35,363.43,"12,720.05","8,135.21","4,584.84"
20-Aug-2024,Aug 2024,Q3 2024,Nairobi,FMCG,Esther N.,Distributor,113,66.24,"7,485.12","5,024.89","2,460.23"
20-Aug-2024,Aug 2024,Q3 2024,Kisumu,Apparel,Grace A.,Online,32,340.67,"10,901.44","6,377.16","4,524.28"
20-Aug-2024,Aug 2024,Q3 2024,Nairobi,FMCG,Alice M.,Direct,90,129.35,"11,641.50","8,218.04","3,423.46"
23-Aug-2024,Aug 2024,Q3 2024,Eldoret,Electronics,Grace A.,Direct,146,153.66,"22,434.36","11,889.67","10,544.69"
23-Aug-2024,Aug 2024,Q3 2024,Eldoret,Apparel,Felix R.,Online,161,247.25,"39,807.25","16,517.30","23,289.95"
25-Aug-2024,Aug 2024,Q3 2024,Eldoret,Industrial Supplies,Brian O.,Direct,66,192.51,"12,705.66","6,887.54","5,818.12"
26-Aug-2024,Aug 2024,Q3 2024,Kisumu,Food & Beverage,Carol W.,Direct,118,473.17,"55,834.06","22,574.93","33,259.13"
26-Aug-2024,Aug 2024,Q3 2024,Nairobi,Apparel,Henry L.,Distributor,41,57.44,"2,355.04","1,527.07",827.97
28-Aug-2024,Aug 2024,Q3 2024,Mombasa,FMCG,Henry L.,Online,83,412.06,"34,200.98","15,220.70","18,980.28"
28-Aug-2024,Aug 2024,Q3 2024,Kisumu,Industrial Supplies,Felix R.,Online,176,61.25,"10,780.00","7,478.21","3,301.79"
28-Aug-2024,Aug 2024,Q3 2024,Mombasa,Apparel,Henry L.,Walk-in,77,391.28,"30,128.56","17,293.27","12,835.29"
28-Aug-2024,Aug 2024,Q3 2024,Nakuru,FMCG,Brian O.,Walk-in,87,128.04,"11,139.48","4,572.19","6,567.29"
29-Aug-2024,Aug 2024,Q3 2024,Mombasa,Industrial Supplies,Henry L.,Direct,25,19.31,482.75,325.62,157.13
30-Aug-2024,Aug 2024,Q3 2024,Mombasa,Electronics,Esther N.,Online,28,411.03,"11,508.84","5,605.97","5,902.87"
31-Aug-2024,Aug 2024,Q3 2024,Nairobi,Electronics,Carol W.,Direct,132,424.21,"55,995.72","29,357.57","26,638.15"
01-Sep-2024,Sep 2024,Q3 2024,Mombasa,Apparel,Felix R.,Online,170,38.99,"6,628.30","3,187.86","3,440.44"
01-Sep-2024,Sep 2024,Q3 2024,Kisumu,FMCG,Alice M.,Online,103,125.41,"12,917.23","6,280.17","6,637.06"
01-Sep-2024,Sep 2024,Q3 2024,Mombasa,Industrial Supplies,Felix R.,Walk-in,184,279.12,"51,358.08","30,055.27","21,302.81"
02-Sep-2024,Sep 2024,Q3 2024,Eldoret,Industrial Supplies,Grace A.,Direct,37,486.47,"17,999.39","9,452.95","8,546.44"
02-Sep-2024,Sep 2024,Q3 2024,Kisumu,FMCG,Grace A.,Online,79,370.09,"29,237.11","15,451.35","13,785.76"
02-Sep-2024,Sep 2024,Q3 2024,Eldoret,FMCG,Carol W.,Walk-in,23,401.61,"9,237.03","6,819.75","2,417.28"
04-Sep-2024,Sep 2024,Q3 2024,Kisumu,Industrial Supplies,Brian O.,Walk-in,189,351.41,"66,416.49","42,399.07","24,017.42"
05-Sep-2024,Sep 2024,Q3 2024,Kisumu,Electronics,Alice M.,Direct,165,394.11,"65,028.15","38,311.10","26,717.05"
05-Sep-2024,Sep 2024,Q3 2024,Eldoret,Apparel,Alice M.,Distributor,21,162.45,"3,411.45","1,953.47","1,457.98"
06-Sep-2024,Sep 2024,Q3 2024,Eldoret,Apparel,Alice M.,Distributor,106,492.38,"52,192.28","38,143.49","14,048.79"
07-Sep-2024,Sep 2024,Q3 2024,Kisumu,Industrial Supplies,Felix R.,Online,78,69.72,"5,438.16","2,790.77","2,647.39"
09-Sep-2024,Sep 2024,Q3 2024,Mombasa,Electronics,Carol W.,Walk-in,75,216.34,"16,225.50","9,419.21","6,806.29"
09-Sep-2024,Sep 2024,Q3 2024,Eldoret,Apparel,Carol W.,Walk-in,14,54.23,759.22,507.60,251.62
10-Sep-2024,Sep 2024,Q3 2024,Eldoret,Industrial Supplies,Esther N.,Direct,32,221.15,"7,076.80","3,121.86","3,954.94"
19-Sep-2024,Sep 2024,Q3 2024,Mombasa,Industrial Supplies,Brian O.,Distributor,120,443.47,"53,216.40","22,581.57","30,634.83"
21-Sep-2024,Sep 2024,Q3 2024,Nakuru,Electronics,David K.,Distributor,21,175.66,"3,688.86","2,007.08","1,681.78"
22-Sep-2024,Sep 2024,Q3 2024,Nakuru,Electronics,David K.,Direct,121,75.34,"9,116.14","5,354.59","3,761.55"
22-Sep-2024,Sep 2024,Q3 2024,Mombasa,Food & Beverage,Felix R.,Walk-in,139,194.64,"27,054.96","11,232.14","15,822.82"
22-Sep-2024,Sep 2024,Q3 2024,Eldoret,Food & Beverage,David K.,Walk-in,100,201.66,"20,166.00","9,673.23","10,492.77"
22-Sep-2024,Sep 2024,Q3 2024,Nakuru,Electronics,Alice M.,Online,35,494.20,"17,297.00","10,416.08","6,880.92"
25-Sep-2024,Sep 2024,Q3 2024,Eldoret,Apparel,Brian O.,Distributor,80,121.47,"9,717.60","6,677.89","3,039.71"
26-Sep-2024,Sep 2024,Q3 2024,Eldoret,Food & Beverage,Alice M.,Walk-in,125,31.33,"3,916.25","2,406.89","1,509.36"
28-Sep-2024,Sep 2024,Q3 2024,Nairobi,Food & Beverage,Felix R.,Walk-in,9,64.82,583.38,363.42,219.96
28-Sep-2024,Sep 2024,Q3 2024,Mombasa,Electronics,Brian O.,Distributor,22,301.57,"6,634.54","3,408.00","3,226.54"
28-Sep-2024,Sep 2024,Q3 2024,Eldoret,Food & Beverage,Felix R.,Walk-in,161,409.35,"65,905.35","28,852.89","37,052.46"
28-Sep-2024,Sep 2024,Q3 2024,Mombasa,Industrial Supplies,Henry L.,Direct,41,358.71,"14,707.11","10,551.48","4,155.63"
29-Sep-2024,Sep 2024,Q3 2024,Mombasa,FMCG,Henry L.,Distributor,72,268.56,"19,336.32","10,396.99","8,939.33"
29-Sep-2024,Sep 2024,Q3 2024,Nakuru,Food & Beverage,Esther N.,Walk-in,9,190.50,"1,714.50",881.54,832.96
29-Sep-2024,Sep 2024,Q3 2024,Nakuru,FMCG,David K.,Walk-in,93,86.01,"7,998.93","5,471.52","2,527.41"
01-Oct-2024,Oct 2024,Q4 2024,Mombasa,FMCG,David K.,Walk-in,75,365.05,"27,378.75","11,175.66","16,203.09"
01-Oct-2024,Oct 2024,Q4 2024,Nairobi,Food & Beverage,David K.,Distributor,79,220.33,"17,406.07","9,309.06","8,097.01"
01-Oct-2024,Oct 2024,Q4 2024,Eldoret,Food & Beverage,Carol W.,Online,26,161.85,"4,208.10","2,403.01","1,805.09"
02-Oct-2024,Oct 2024,Q4 2024,Mombasa,FMCG,Brian O.,Walk-in,140,354.85,"49,679.00","35,901.23","13,777.77"
02-Oct-2024,Oct 2024,Q4 2024,Nakuru,FMCG,David K.,Online,186,80.73,"15,015.78","8,828.40","6,187.38"
04-Oct-2024,Oct 2024,Q4 2024,Nairobi,Apparel,Alice M.,Direct,154,243.63,"37,519.02","16,066.19","21,452.83"
04-Oct-2024,Oct 2024,Q4 2024,Kisumu,Apparel,Carol W.,Distributor,97,259.29,"25,151.13","17,795.01","7,356.12"
06-Oct-2024,Oct 2024,Q4 2024,Nairobi,Food & Beverage,Grace A.,Direct,12,55.91,670.92,448.56,222.36
09-Oct-2024,Oct 2024,Q4 2024,Nakuru,Electronics,David K.,Direct,123,474.06,"58,309.38","30,513.39","27,795.99"
09-Oct-2024,Oct 2024,Q4 2024,Mombasa,Industrial Supplies,David K.,Distributor,22,145.36,"3,197.92","1,514.21","1,683.71"
09-Oct-2024,Oct 2024,Q4 2024,Mombasa,Food & Beverage,Brian O.,Direct,84,205.10,"17,228.40","8,598.23","8,630.17"
10-Oct-2024,Oct 2024,Q4 2024,Mombasa,Apparel,Esther N.,Distributor,188,178.01,"33,465.88","17,046.72","16,419.16"
10-Oct-2024,Oct 2024,Q4 2024,Nairobi,Food & Beverage,Brian O.,Online,26,383.93,"9,982.18","6,533.57","3,448.61"
10-Oct-2024,Oct 2024,Q4 2024,Kisumu,Electronics,Grace A.,Walk-in,200,279.43,"55,886.00","25,771.33","30,114.67"
11-Oct-2024,Oct 2024,Q4 2024,Nakuru,FMCG,David K.,Online,60,484.67,"29,080.20","15,915.21","13,164.99"
12-Oct-2024,Oct 2024,Q4 2024,Kisumu,FMCG,David K.,Walk-in,133,29.72,"3,952.76","2,910.73","1,042.03"
13-Oct-2024,Oct 2024,Q4 2024,Mombasa,Food & Beverage,Carol W.,Walk-in,48,78.03,"3,745.44","2,414.33","1,331.11"
13-Oct-2024,Oct 2024,Q4 2024,Mombasa,Apparel,Brian O.,Distributor,95,119.43,"11,345.85","5,048.89","6,296.96"
14-Oct-2024,Oct 2024,Q4 2024,Kisumu,FMCG,Brian O.,Distributor,67,34.88,"2,336.96","1,012.34","1,324.62"
14-Oct-2024,Oct 2024,Q4 2024,Eldoret,Industrial Supplies,Grace A.,Walk-in,111,357.97,"39,734.67","23,628.30","16,106.37"
15-Oct-2024,Oct 2024,Q4 2024,Nairobi,Electronics,David K.,Distributor,47,170.78,"8,026.66","4,558.18","3,468.48"
15-Oct-2024,Oct 2024,Q4 2024,Nairobi,FMCG,Felix R.,Direct,58,297.65,"17,263.70","8,402.43","8,861.27"
16-Oct-2024,Oct 2024,Q4 2024,Eldoret,Apparel,Esther N.,Distributor,176,360.93,"63,523.68","42,335.99","21,187.69"
16-Oct-2024,Oct 2024,Q4 2024,Mombasa,Electronics,David K.,Distributor,64,170.99,"10,943.36","7,642.36","3,301.00"
16-Oct-2024,Oct 2024,Q4 2024,Eldoret,Apparel,Grace A.,Online,51,22.77,"1,161.27",628.26,533.01
17-Oct-2024,Oct 2024,Q4 2024,Kisumu,FMCG,Henry L.,Walk-in,169,234.84,"39,687.96","26,086.58","13,601.38"
17-Oct-2024,Oct 2024,Q4 2024,Nairobi,Food & Beverage,Carol W.,Walk-in,99,192.29,"19,036.71","9,193.22","9,843.49"
17-Oct-2024,Oct 2024,Q4 2024,Nakuru,Apparel,Alice M.,Direct,180,463.54,"83,437.20","36,315.28","47,121.92"
18-Oct-2024,Oct 2024,Q4 2024,Kisumu,Industrial Supplies,Brian O.,Walk-in,181,159.00,"28,779.00","17,529.92","11,249.08"
18-Oct-2024,Oct 2024,Q4 2024,Mombasa,Industrial Supplies,Felix R.,Online,200,412.58,"82,516.00","33,973.66","48,542.34"
19-Oct-2024,Oct 2024,Q4 2024,Eldoret,Industrial Supplies,David K.,Walk-in,109,103.30,"11,259.70","8,062.78","3,196.92"
19-Oct-2024,Oct 2024,Q4 2024,Eldoret,Industrial Supplies,Carol W.,Direct,97,11.87,"1,151.39",828.23,323.16
19-Oct-2024,Oct 2024,Q4 2024,Mombasa,Apparel,David K.,Walk-in,176,185.66,"32,676.16","21,073.90","11,602.26"
20-Oct-2024,Oct 2024,Q4 2024,Mombasa,Industrial Supplies,Alice M.,Online,12,98.40,"1,180.80",595.19,585.61
20-Oct-2024,Oct 2024,Q4 2024,Mombasa,Food & Beverage,Felix R.,Walk-in,85,328.28,"27,903.80","18,490.06","9,413.74"
20-Oct-2024,Oct 2024,Q4 2024,Nakuru,Food & Beverage,Alice M.,Distributor,159,165.93,"26,382.87","12,318.63","14,064.24"
21-Oct-2024,Oct 2024,Q4 2024,Eldoret,Electronics,Esther N.,Direct,200,380.57,"76,114.00","44,551.41","31,562.59"
21-Oct-2024,Oct 2024,Q4 2024,Mombasa,Apparel,Grace A.,Online,105,188.86,"19,830.30","8,403.62","11,426.68"
22-Oct-2024,Oct 2024,Q4 2024,Kisumu,FMCG,Grace A.,Direct,132,445.61,"58,820.52","32,883.49","25,937.03"
23-Oct-2024,Oct 2024,Q4 2024,Nakuru,FMCG,Henry L.,Walk-in,93,172.90,"16,079.70","7,766.41","8,313.29"
23-Oct-2024,Oct 2024,Q4 2024,Eldoret,FMCG,Alice M.,Walk-in,48,266.87,"12,809.76","6,373.96","6,435.80"
25-Oct-2024,Oct 2024,Q4 2024,Mombasa,FMCG,Henry L.,Online,122,135.11,"16,483.42","12,308.35","4,175.07"
25-Oct-2024,Oct 2024,Q4 2024,Nairobi,Electronics,Brian O.,Online,142,441.27,"62,660.34","27,742.07","34,918.27"
27-Oct-2024,Oct 2024,Q4 2024,Nairobi,Apparel,Esther N.,Online,39,488.17,"19,038.63","9,398.93","9,639.70"
28-Oct-2024,Oct 2024,Q4 2024,Nakuru,Apparel,Alice M.,Direct,200,111.82,"22,364.00","15,121.22","7,242.78"
28-Oct-2024,Oct 2024,Q4 2024,Eldoret,FMCG,Felix R.,Direct,128,61.23,"7,837.44","4,737.02","3,100.42"
31-Oct-2024,Oct 2024,Q4 2024,Nakuru,Apparel,Alice M.,Online,120,250.40,"30,048.00","18,794.00","11,254.00"
31-Oct-2024,Oct 2024,Q4 2024,Nairobi,Electronics,David K.,Online,47,327.03,"15,370.41","11,289.51","4,080.90"
01-Nov-2024,Nov 2024,Q4 2024,Nairobi,Apparel,Carol W.,Distributor,143,132.82,"18,993.26","13,084.95","5,908.31"
04-Nov-2024,Nov 2024,Q4 2024,Nairobi,Food & Beverage,David K.,Walk-in,61,230.11,"14,036.71","9,160.82","4,875.89"
05-Nov-2024,Nov 2024,Q4 2024,Nakuru,Electronics,Brian O.,Distributor,115,231.26,"26,594.90","17,819.31","8,775.59"
06-Nov-2024,Nov 2024,Q4 2024,Eldoret,FMCG,Grace A.,Online,170,36.74,"6,245.80","2,721.49","3,524.31"
07-Nov-2024,Nov 2024,Q4 2024,Nakuru,Electronics,Grace A.,Online,181,126.41,"22,880.21","11,188.14","11,692.07"
07-Nov-2024,Nov 2024,Q4 2024,Kisumu,Apparel,Grace A.,Walk-in,94,234.91,"22,081.54","14,874.72","7,206.82"
08-Nov-2024,Nov 2024,Q4 2024,Nairobi,Industrial Supplies,Grace A.,Distributor,188,351.21,"66,027.48","38,095.74","27,931.74"
09-Nov-2024,Nov 2024,Q4 2024,Eldoret,Electronics,Esther N.,Direct,39,139.59,"5,444.01","2,387.75","3,056.26"
09-Nov-2024,Nov 2024,Q4 2024,Kisumu,FMCG,Grace A.,Online,156,174.82,"27,271.92","12,547.78","14,724.14"
09-Nov-2024,Nov 2024,Q4 2024,Mombasa,Food & Beverage,Brian O.,Walk-in,41,172.27,"7,063.07","5,104.96","1,958.11"
09-Nov-2024,Nov 2024,Q4 2024,Nairobi,FMCG,Henry L.,Walk-in,33,444.92,"14,682.36","8,747.15","5,935.21"
10-Nov-2024,Nov 2024,Q4 2024,Eldoret,Food & Beverage,Grace A.,Walk-in,153,281.62,"43,087.86","20,374.69","22,713.17"
11-Nov-2024,Nov 2024,Q4 2024,Eldoret,Industrial Supplies,Henry L.,Walk-in,192,300.31,"57,659.52","36,740.27","20,919.25"
12-Nov-2024,Nov 2024,Q4 2024,Eldoret,Industrial Supplies,Henry L.,Direct,6,270.78,"1,624.68",984.61,640.07
13-Nov-2024,Nov 2024,Q4 2024,Eldoret,Apparel,David K.,Direct,167,413.69,"69,086.23","29,825.52","39,260.71"
13-Nov-2024,Nov 2024,Q4 2024,Eldoret,FMCG,Esther N.,Walk-in,110,442.56,"48,681.60","28,349.20","20,332.40"
14-Nov-2024,Nov 2024,Q4 2024,Eldoret,Electronics,Brian O.,Distributor,134,139.95,"18,753.30","7,939.38","10,813.92"
14-Nov-2024,Nov 2024,Q4 2024,Nakuru,Industrial Supplies,Alice M.,Distributor,73,279.12,"20,375.76","8,666.11","11,709.65"
15-Nov-2024,Nov 2024,Q4 2024,Eldoret,Electronics,Carol W.,Direct,105,192.87,"20,251.35","8,194.19","12,057.16"
18-Nov-2024,Nov 2024,Q4 2024,Nairobi,Apparel,Grace A.,Direct,174,264.95,"46,101.30","24,526.85","21,574.45"
19-Nov-2024,Nov 2024,Q4 2024,Kisumu,FMCG,Brian O.,Walk-in,30,382.58,"11,477.40","5,780.46","5,696.94"
19-Nov-2024,Nov 2024,Q4 2024,Kisumu,Apparel,Alice M.,Online,134,46.35,"6,210.90","3,654.43","2,556.47"
20-Nov-2024,Nov 2024,Q4 2024,Nairobi,Industrial Supplies,Esther N.,Online,121,475.62,"57,550.02","36,570.09","20,979.93"
20-Nov-2024,Nov 2024,Q4 2024,Eldoret,Food & Beverage,Brian O.,Walk-in,54,255.23,"13,782.42","6,152.14","7,630.28"
21-Nov-2024,Nov 2024,Q4 2024,Nakuru,FMCG,Grace A.,Distributor,192,265.66,"51,006.72","26,642.85","24,363.87"
21-Nov-2024,Nov 2024,Q4 2024,Nairobi,Apparel,Alice M.,Walk-in,193,366.34,"70,703.62","50,455.36","20,248.26"
22-Nov-2024,Nov 2024,Q4 2024,Kisumu,Food & Beverage,Henry L.,Distributor,75,225.54,"16,915.50","8,462.14","8,453.36"
23-Nov-2024,Nov 2024,Q4 2024,Nairobi,Electronics,Esther N.,Distributor,62,78.37,"4,858.94","3,469.90","1,389.04"
24-Nov-2024,Nov 2024,Q4 2024,Kisumu,Industrial Supplies,David K.,Walk-in,81,232.24,"18,811.44","9,574.75","9,236.69"
24-Nov-2024,Nov 2024,Q4 2024,Nakuru,Industrial Supplies,Carol W.,Online,48,78.58,"3,771.84","2,107.36","1,664.48"
25-Nov-2024,Nov 2024,Q4 2024,Nakuru,Food & Beverage,Felix R.,Walk-in,109,83.12,"9,060.08","5,601.29","3,458.79"
26-Nov-2024,Nov 2024,Q4 2024,Nairobi,Electronics,Grace A.,Online,32,131.84,"4,218.88","2,883.30","1,335.58"
26-Nov-2024,Nov 2024,Q4 2024,Mombasa,FMCG,Brian O.,Distributor,70,106.66,"7,466.20","4,025.48","3,440.72"
26-Nov-2024,Nov 2024,Q4 2024,Nakuru,Apparel,Grace A.,Direct,7,58.32,408.24,274.46,133.78
26-Nov-2024,Nov 2024,Q4 2024,Nairobi,FMCG,Esther N.,Direct,173,439.16,"75,974.68","51,517.97","24,456.71"
26-Nov-2024,Nov 2024,Q4 2024,Nakuru,FMCG,Brian O.,Online,36,30.92,"1,113.12",655.24,457.88
27-Nov-2024,Nov 2024,Q4 2024,Nairobi,Industrial Supplies,Felix R.,Direct,142,365.05,"51,837.10","35,421.92","16,415.18"
29-Nov-2024,Nov 2024,Q4 2024,Nakuru,Apparel,Carol W.,Walk-in,167,408.98,"68,299.66","28,059.59","40,240.07"
29-Nov-2024,Nov 2024,Q4 2024,Mombasa,Industrial Supplies,Alice M.,Distributor,133,483.02,"64,241.66","40,716.48","23,525.18"
29-Nov-2024,Nov 2024,Q4 2024,Eldoret,FMCG,Alice M.,Distributor,111,442.30,"49,095.30","33,800.84","15,294.46"
01-Dec-2024,Dec 2024,Q4 2024,Nairobi,FMCG,Henry L.,Walk-in,198,286.23,"56,673.54","31,010.98","25,662.56"
01-Dec-2024,Dec 2024,Q4 2024,Nairobi,Electronics,Alice M.,Distributor,127,48.19,"6,120.13","3,318.41","2,801.72"
03-Dec-2024,Dec 2024,Q4 2024,Nakuru,Apparel,Alice M.,Direct,160,375.13,"60,020.80","27,519.92","32,500.88"
03-Dec-2024,Dec 2024,Q4 2024,Mombasa,Electronics,Alice M.,Online,117,26.35,"3,082.95","1,918.52","1,164.43"
03-Dec-2024,Dec 2024,Q4 2024,Eldoret,Apparel,Henry L.,Direct,20,499.31,"9,986.20","4,528.20","5,458.00"
03-Dec-2024,Dec 2024,Q4 2024,Eldoret,Food & Beverage,Felix R.,Direct,12,49.80,597.60,249.80,347.80
03-Dec-2024,Dec 2024,Q4 2024,Mombasa,Industrial Supplies,Grace A.,Direct,119,495.44,"58,957.36","34,328.98","24,628.38"
04-Dec-2024,Dec 2024,Q4 2024,Nairobi,FMCG,David K.,Distributor,146,46.78,"6,829.88","5,116.01","1,713.87"
04-Dec-2024,Dec 2024,Q4 2024,Nairobi,FMCG,Alice M.,Online,65,298.54,"19,405.10","14,446.64","4,958.46"
04-Dec-2024,Dec 2024,Q4 2024,Eldoret,FMCG,Felix R.,Direct,50,496.49,"24,824.50","15,203.26","9,621.24"
04-Dec-2024,Dec 2024,Q4 2024,Eldoret,Industrial Supplies,David K.,Direct,11,111.41,"1,225.51",645.39,580.12
06-Dec-2024,Dec 2024,Q4 2024,Nakuru,Electronics,Esther N.,Online,95,60.76,"5,772.20","3,304.04","2,468.16"
06-Dec-2024,Dec 2024,Q4 2024,Mombasa,Electronics,Grace A.,Online,190,352.73,"67,018.70","44,771.82","22,246.88"
07-Dec-2024,Dec 2024,Q4 2024,Nairobi,Industrial Supplies,Esther N.,Distributor,108,346.18,"37,387.44","15,961.18","21,426.26"
09-Dec-2024,Dec 2024,Q4 2024,Eldoret,FMCG,Henry L.,Distributor,90,158.56,"14,270.40","6,162.70","8,107.70"
10-Dec-2024,Dec 2024,Q4 2024,Kisumu,FMCG,David K.,Distributor,11,32.64,359.04,145.63,213.41
10-Dec-2024,Dec 2024,Q4 2024,Kisumu,FMCG,Esther N.,Distributor,174,265.41,"46,181.34","27,951.44","18,229.90"
11-Dec-2024,Dec 2024,Q4 2024,Nairobi,Apparel,Henry L.,Walk-in,129,307.47,"39,663.63","23,997.91","15,665.72"
12-Dec-2024,Dec 2024,Q4 2024,Nakuru,Food & Beverage,Felix R.,Direct,106,16.82,"1,782.92","1,002.36",780.56
12-Dec-2024,Dec 2024,Q4 2024,Nakuru,Industrial Supplies,Carol W.,Online,165,212.97,"35,140.05","20,795.98","14,344.07"
12-Dec-2024,Dec 2024,Q4 2024,Mombasa,Electronics,Alice M.,Distributor,117,182.08,"21,303.36","14,388.94","6,914.42"
14-Dec-2024,Dec 2024,Q4 2024,Nakuru,Food & Beverage,Brian O.,Walk-in,102,301.99,"30,802.98","18,056.17","12,746.81"
14-Dec-2024,Dec 2024,Q4 2024,Eldoret,Food & Beverage,Felix R.,Online,43,225.48,"9,695.64","5,680.46","4,015.18"
14-Dec-2024,Dec 2024,Q4 2024,Nairobi,Apparel,Grace A.,Distributor,19,129.80,"2,466.20","1,051.54","1,414.66"
15-Dec-2024,Dec 2024,Q4 2024,Nairobi,Industrial Supplies,Carol W.,Distributor,158,402.42,"63,582.36","42,707.03","20,875.33"
17-Dec-2024,Dec 2024,Q4 2024,Nairobi,FMCG,Carol W.,Online,26,497.02,"12,922.52","9,156.15","3,766.37"
17-Dec-2024,Dec 2024,Q4 2024,Nairobi,Food & Beverage,Esther N.,Direct,10,498.61,"4,986.10","3,394.47","1,591.63"
18-Dec-2024,Dec 2024,Q4 2024,Nairobi,Apparel,Alice M.,Walk-in,17,89.82,"1,526.94",839.37,687.57
18-Dec-2024,Dec 2024,Q4 2024,Eldoret,Electronics,Grace A.,Distributor,128,179.42,"22,965.76","11,788.25","11,177.51"
20-Dec-2024,Dec 2024,Q4 2024,Nairobi,Apparel,Esther N.,Direct,189,10.63,"2,009.07","1,235.42",773.65
21-Dec-2024,Dec 2024,Q4 2024,Mombasa,Food & Beverage,Carol W.,Walk-in,78,78.75,"6,142.50","3,930.57","2,211.93"
22-Dec-2024,Dec 2024,Q4 2024,Eldoret,Industrial Supplies,Carol W.,Walk-in,172,58.52,"10,065.44","5,825.16","4,240.28"
22-Dec-2024,Dec 2024,Q4 2024,Mombasa,Apparel,Brian O.,Direct,28,208.59,"5,840.52","3,609.39","2,231.13"
22-Dec-2024,Dec 2024,Q4 2024,Nairobi,Electronics,Felix R.,Walk-in,198,298.97,"59,196.06","32,927.18","26,268.88"
22-Dec-2024,Dec 2024,Q4 2024,Nairobi,FMCG,Carol W.,Online,195,227.12,"44,288.40","20,415.26","23,873.14"
24-Dec-2024,Dec 2024,Q4 2024,Nairobi,Food & Beverage,Alice M.,Direct,125,25.55,"3,193.75","1,938.28","1,255.47"
24-Dec-2024,Dec 2024,Q4 2024,Eldoret,Food & Beverage,Grace A.,Direct,111,83.32,"9,248.52","5,102.34","4,146.18"
24-Dec-2024,Dec 2024,Q4 2024,Mombasa,Industrial Supplies,Brian O.,Direct,77,65.87,"5,071.99","3,615.35","1,456.64"
26-Dec-2024,Dec 2024,Q4 2024,Nakuru,FMCG,Esther N.,Walk-in,56,70.09,"3,925.04","1,772.20","2,152.84"
26-Dec-2024,Dec 2024,Q4 2024,Kisumu,Electronics,Esther N.,Online,162,118.22,"19,151.64","7,946.47","11,205.17"
26-Dec-2024,Dec 2024,Q4 2024,Nairobi,Food & Beverage,Brian O.,Distributor,98,169.73,"16,633.54","9,811.42","6,822.12"
26-Dec-2024,Dec 2024,Q4 2024,Kisumu,Apparel,Esther N.,Direct,39,481.76,"18,788.64","8,924.76","9,863.88"
28-Dec-2024,Dec 2024,Q4 2024,Nakuru,Industrial Supplies,Carol W.,Online,100,459.79,"45,979.00","28,249.69","17,729.31"
30-Dec-2024,Dec 2024,Q4 2024,Nakuru,Electronics,Esther N.,Distributor,149,127.83,"19,046.67","8,720.94","10,325.73"